<?xml version="1.0" encoding="UTF-8"?>
<metadata xml:lang="en"><Esri><CreaDate>20101003</CreaDate><CreaTime>12011700</CreaTime><ArcGISFormat>1.0</ArcGISFormat><SyncOnce>TRUE</SyncOnce><DataProperties><itemProps><itemLocation><linkage Sync="TRUE">file://\\DELL-D630\C$\pythonbook\exercise09\landcover.tif</linkage><protocol Sync="TRUE">Local Area Network</protocol></itemLocation></itemProps><copyHistory><copy source="C:\raster\landcover.tif" dest="\\DELL-D630\C$\pythonbook\exercise09\landcover.tif" date="20101003" time="12011700"></copy></copyHistory><lineage><Process ToolSource="C:\Program Files\ArcGIS\Desktop10.0\ArcToolbox\Toolboxes\Data Management Tools.tbx\DefineProjection" Date="20101003" Time="120706">DefineProjection C:\pythonbook\exercise09\landcover.tif PROJCS['Projection_Name_Albers_Conical_Equal_Area_Units_meters_GeoTIFF_',GEOGCS['GCS_North_American_1983',DATUM['D_North_American_1983',SPHEROID['GRS_1980',6378137.0,298.257222101]],PRIMEM['Greenwich',0.0],UNIT['Degree',0.0174532925199433]],PROJECTION['Albers'],PARAMETER['false_easting',0.0],PARAMETER['false_northing',0.0],PARAMETER['central_meridian',-96.0],PARAMETER['standard_parallel_1',29.5],PARAMETER['standard_parallel_2',45.5],PARAMETER['latitude_of_origin',23.0],UNIT['Meter',1.0]]</Process></lineage></DataProperties><ArcGISstyle>INSPIRE Metadata Directive</ArcGISstyle></Esri></metadata>
